review,sentiment
"Excellent product, very happy with my purchase.",1
"Really good quality and works exactly as expected.",1
"Fantastic product with great performance.",1
"I am very satisfied with the quality and service.",1
"Good product at a reasonable price.",1
"Delivery was quick and the product arrived safely.",1
"Absolutely loved the product, highly recommended.",1
"Very impressive quality and easy to use.",1
"The product works perfectly and looks great.",1
"Great value for money and excellent performance.",1
"Very happy with this purchase, no complaints at all.",1
"Outstanding quality and fast delivery.",1
"Everything works smoothly and I am completely satisfied.",1
"Nice design, good build quality, and reliable performance.",1
"One of the best products I have purchased recently.",1
"Excellent customer service and a great product.",1
"Product quality is better than I expected.",1
"Very useful product and definitely worth the money.",1
"Superb performance and excellent overall experience.",1
"I would definitely buy this product again.",1
"Good packaging, fast shipping, and excellent product quality.",1
"Very convenient to use and performs really well.",1
"Completely satisfied with the purchase and delivery.",1
"The product exceeded my expectations in every way.",1
"Great experience from ordering to receiving the product.",1
"Very disappointed with the product quality.",0
"The item stopped working within a few days.",0
"Poor quality and definitely not worth the price.",0
"Received a damaged product and customer support was unhelpful.",0
"Terrible product with very poor performance.",0
"The product looks cheap and feels poorly made.",0
"Very bad experience, I regret buying this product.",0
"Delivery was late and the item arrived damaged.",0
"Completely useless product and a waste of money.",0
"The product does not work as advertised.",0
"Extremely poor customer service and no proper response.",0
"I received the wrong item and nobody helped me resolve it.",0
"Very disappointing purchase and poor overall quality.",0
"The product broke after only one week of use.",0
"Bad packaging resulted in a damaged product.",0
"Not satisfied at all with this purchase.",0
"Poor performance and the product frequently stops working.",0
"Customer service took too long to respond to my complaint.",0
"The item is overpriced for such low quality.",0
"Completely disappointed with the purchase.",0
"The product arrived with missing parts and cannot be used.",0
"Very frustrating experience from ordering to delivery.",0
"Quality is much worse than what was shown online.",0
"The product failed to work properly from the first day.",0
"I would not recommend this product to anyone.",0
"Terrible quality and extremely disappointing experience.",0